,State,City,Year,total_crime,crime_per_person,crime_change
1,Alabama,Decatur,2010.00,2963.00,0.05,-0.01
2,Alabama,Dothan,2010.00,3547.00,0.05,0.00
3,Alabama,Gadsden,2010.00,2938.00,0.08,0.01
4,Alabama,Huntsville,2010.00,10950.00,0.06,0.00
5,Alabama,Montgomery,2010.00,12057.00,0.06,0.00
6,Alabama,Tuscaloosa,2010.00,5277.00,0.06,0.00
7,Alaska,Anchorage,2010.00,12646.00,0.04,0.00
8,Alaska,Fairbanks,2010.00,1651.00,0.05,0.00
9,Arizona,Flagstaff,2010.00,3222.00,0.05,-0.01
10,Arizona,Prescott,2010.00,1386.00,0.03,0.00
11,Arizona,Tucson,2010.00,3331.00,0.01,0.00
12,Arizona,Yuma,2010.00,3610.00,0.04,0.00
13,Arkansas,Fort Smith,2010.00,5482.00,0.06,0.00
14,Arkansas,Hot Springs,2010.00,3526.00,0.09,0.00
15,Arkansas,Jonesboro,2010.00,3196.00,0.05,0.01
16,Arkansas,Pine Bluff,2010.00,4435.00,0.09,0.01
17,California,Bakersfield,2010.00,17301.00,0.05,0.00
18,California,Chico,2010.00,2592.00,0.03,0.00
19,California,El Centro,2010.00,2605.00,0.06,-0.01
20,California,Fresno,2010.00,27494.00,0.06,0.00
21,California,Madera,2010.00,1676.00,0.03,0.00
22,California,Merced,2010.00,3357.00,0.04,0.00
23,California,Modesto,2010.00,10781.00,0.05,0.00
24,California,Napa,2010.00,1802.00,0.02,0.00
25,California,Redding,2010.00,3830.00,0.04,0.00
26,California,Salinas,2010.00,5810.00,0.04,0.00
27,California,Santa Rosa,2010.00,4863.00,0.03,0.00
28,California,Yuba City,2010.00,1999.00,0.03,0.00
29,Colorado,Boulder,2010.00,2932.00,0.03,0.00
30,Colorado,Colorado Springs,2010.00,18751.00,0.05,-0.01
31,Colorado,Fort Collins,2010.00,4989.00,0.04,0.00
32,Colorado,Grand Junction,2010.00,2373.00,0.04,0.01
33,Colorado,Greeley,2010.00,3395.00,0.04,0.00
34,Colorado,Pueblo,2010.00,5857.00,0.06,0.00
35,Delaware,Dover,2010.00,2361.00,0.06,0.01
36,Florida,Gainesville,2010.00,6310.00,0.05,0.00
37,Florida,Jacksonville,2010.00,42893.00,0.05,0.00
38,Florida,Ocala,2010.00,3632.00,0.06,0.00
39,Florida,Panama City,2010.00,2700.00,0.07,0.00
40,Florida,Port St. Lucie,2010.00,3598.00,0.02,0.00
41,Florida,Punta Gorda,2010.00,403.00,0.02,0.00
42,Florida,Sebring,2010.00,521.00,0.05,0.00
43,Florida,Tallahassee,2010.00,10381.00,0.06,0.00
44,Georgia,Albany,2010.00,5759.00,0.08,-0.01
45,Georgia,Brunswick,2010.00,1656.00,0.10,-0.01
46,Georgia,Columbus,2010.00,14447.00,0.08,-0.01
47,Georgia,Dalton,2010.00,1258.00,0.04,0.00
48,Georgia,Gainesville,2010.00,1742.00,0.05,0.00
49,Georgia,Hinesville,2010.00,1809.00,0.06,-0.01
50,Georgia,Macon,2010.00,7985.00,0.09,0.00
51,Georgia,Rome,2010.00,2223.00,0.06,0.00
52,Georgia,Valdosta,2010.00,2903.00,0.06,-0.01
53,Georgia,Warner Robins,2010.00,3916.00,0.06,0.00
54,Idaho,Coeur d'Alene,2010.00,1833.00,0.04,NA
55,Idaho,Idaho Falls,2010.00,1764.00,0.03,0.00
56,Idaho,Lewiston,2010.00,1385.00,0.04,NA
57,Idaho,Pocatello,2010.00,1858.00,0.03,0.00
58,Illinois,Bloomington,2010.00,2345.00,0.03,0.00
59,Illinois,Danville,2010.00,2526.00,0.08,0.00
60,Illinois,Decatur,2010.00,3589.00,0.05,0.00
61,Illinois,Kankakee,2010.00,1377.00,0.05,0.00
62,Illinois,Peoria,2010.00,6041.00,0.05,0.00
63,Illinois,Rockford,2010.00,10077.00,0.06,0.00
64,Illinois,Springfield,2010.00,9019.00,0.08,0.00
65,Indiana,Bloomington,2010.00,3449.00,0.05,-0.01
66,Indiana,Columbus,2010.00,2347.00,0.06,0.00
67,Indiana,Evansville,2010.00,6037.00,0.05,0.00
68,Indiana,Fort Wayne,2010.00,9606.00,0.04,0.00
69,Indiana,Kokomo,2010.00,2532.00,0.06,0.00
70,Indiana,Muncie,2010.00,2328.00,0.03,0.01
71,Indiana,Terre Haute,2010.00,4348.00,0.07,-0.01
72,Iowa,Ames,2010.00,1733.00,0.03,0.00
73,Iowa,Cedar Rapids,2010.00,5345.00,0.04,0.00
74,Iowa,Dubuque,2010.00,2104.00,0.04,0.00
75,Iowa,Iowa City,2010.00,1716.00,0.02,0.00
76,Iowa,Sioux City,2010.00,3388.00,0.04,0.01
77,Kansas,Lawrence,2010.00,4254.00,0.05,0.00
78,Kansas,Topeka,2010.00,8203.00,0.07,0.00
79,Kansas,Wichita,2010.00,21267.00,0.06,0.00
80,Kentucky,Bowling Green,2010.00,2814.00,0.05,0.00
81,Kentucky,Owensboro,2010.00,2370.00,0.04,0.00
82,Louisiana,Alexandria,2010.00,4379.00,0.09,0.00
83,Louisiana,Hammond,2010.00,2661.00,0.13,0.00
84,Louisiana,Lafayette,2010.00,7929.00,0.07,-0.01
85,Louisiana,Lake Charles,2010.00,3535.00,0.05,NA
86,Louisiana,Monroe,2010.00,4985.00,0.10,0.00
87,Maine,Bangor,2010.00,1782.00,0.06,0.00
88,Maryland,Cumberland,2010.00,1638.00,0.08,-0.01
89,Maryland,Salisbury,2010.00,2688.00,0.09,-0.02
90,Massachusetts,Pittsfield,2010.00,1464.00,0.04,0.00
91,Massachusetts,Springfield,2010.00,9637.00,0.06,0.00
92,Massachusetts,Worcester,2010.00,7934.00,0.04,0.00
93,Michigan,Ann Arbor,2010.00,3221.00,0.03,0.00
94,Michigan,Battle Creek,2010.00,3836.00,0.06,0.00
95,Michigan,Bay City,2010.00,1306.00,0.04,-0.01
96,Michigan,Flint,2010.00,8649.00,0.08,0.01
97,Michigan,Jackson,2010.00,1905.00,0.06,NA
98,Michigan,Midland,2010.00,781.00,0.02,-0.01
99,Michigan,Monroe,2010.00,984.00,0.05,0.00
100,Michigan,Muskegon,2010.00,2605.00,0.07,0.00
101,Michigan,Saginaw,2010.00,3404.00,0.06,0.00
102,Minnesota,Duluth,2010.00,0.00,0.00,0.05
103,Minnesota,Rochester,2010.00,2429.00,0.02,0.00
104,Minnesota,St. Cloud,2010.00,2542.00,0.04,0.00
105,Mississippi,Hattiesburg,2010.00,2432.00,0.05,NA
106,Mississippi,Jackson,2010.00,14968.00,0.09,0.00
107,Missouri,Cape Girardeau,2010.00,2701.00,0.07,0.00
108,Missouri,Columbia,2010.00,4346.00,0.04,0.00
109,Missouri,Jefferson City,2010.00,1865.00,0.05,0.00
110,Missouri,Joplin,2010.00,3692.00,0.07,0.00
111,Missouri,Kansas City,2010.00,32425.00,0.07,0.00
112,Missouri,Springfield,2010.00,16544.00,0.11,-0.01
113,Missouri,St. Joseph,2010.00,3910.00,0.05,0.00
114,Missouri,St. Louis,2010.00,33529.00,0.09,0.00
115,Montana,Billings,2010.00,5301.00,0.05,0.00
116,Montana,Great Falls,2010.00,2900.00,0.05,0.00
117,Nebraska,Grand Island,2010.00,2465.00,0.05,0.00
118,Nebraska,Lincoln,2010.00,11476.00,0.04,0.00
119,Nevada,Reno,2010.00,8636.00,0.04,-0.01
120,New Jersey,Ocean City,2010.00,921.00,0.06,-0.01
121,New Jersey,Trenton,2010.00,3714.00,0.04,0.00
122,New Mexico,Albuquerque,2010.00,30663.00,0.06,0.00
123,New Mexico,Farmington,2010.00,2155.00,0.05,0.00
124,New Mexico,Las Cruces,2010.00,4734.00,0.05,0.00
125,New Mexico,Santa Fe,2010.00,4716.00,0.06,0.00
126,New York,Binghamton,2010.00,2351.00,0.05,0.00
127,New York,Elmira,2010.00,1165.00,0.04,0.00
128,New York,Glens Falls,2010.00,251.00,0.02,0.01
129,New York,Ithaca,2010.00,1203.00,0.04,NA
130,New York,Kingston,2010.00,692.00,0.03,0.00
131,New York,Rochester,2010.00,14049.00,0.07,-0.01
132,New York,Syracuse,2010.00,6999.00,0.05,-0.01
133,North Carolina,Asheville,2010.00,4103.00,0.05,0.00
134,North Carolina,Burlington,2010.00,3914.00,0.07,0.01
135,North Carolina,Fayetteville,2010.00,13667.00,0.07,0.00
136,North Carolina,Goldsboro,2010.00,2911.00,0.08,0.01
137,North Carolina,New Bern,2010.00,1947.00,0.07,0.00
138,North Carolina,Raleigh,2010.00,14735.00,0.04,0.00
139,North Carolina,Rocky Mount,2010.00,4254.00,0.07,0.01
140,North Carolina,Wilmington,2010.00,6430.00,0.06,0.00
141,North Dakota,Bismarck,2010.00,1705.00,0.03,0.01
142,North Dakota,Fargo,2010.00,3066.00,0.03,0.00
143,North Dakota,Grand Forks,2010.00,1543.00,0.03,0.00
144,Ohio,Akron,2010.00,12516.00,0.06,0.00
145,Ohio,Cincinnati,2010.00,24121.00,0.07,0.01
146,Ohio,Columbus,2010.00,55619.00,0.07,0.00
147,Ohio,Dayton,2010.00,10400.00,0.07,0.00
148,Ohio,Lima,2010.00,2558.00,0.07,0.00
149,Ohio,Mansfield,2010.00,3092.00,0.06,0.00
150,Ohio,Springfield,2010.00,4974.00,0.08,0.00
151,Ohio,Toledo,2010.00,2854.00,0.01,0.00
152,Oklahoma,Enid,2010.00,2399.00,0.05,-0.01
153,Oklahoma,Lawton,2010.00,6085.00,0.07,0.00
154,Oklahoma,Oklahoma City,2010.00,38567.00,0.07,0.00
155,Oklahoma,Tulsa,2010.00,25659.00,0.07,0.00
156,Oregon,Albany,2010.00,1373.00,0.03,0.00
157,Oregon,Corvallis,2010.00,1434.00,0.03,0.01
158,Oregon,Eugene,2010.00,7444.00,0.05,0.00
159,Oregon,Medford,2010.00,3519.00,0.05,0.01
160,Oregon,Salem,2010.00,6539.00,0.04,0.00
161,Pennsylvania,Altoona,2010.00,1114.00,0.02,0.00
162,Pennsylvania,Erie,2010.00,3981.00,0.04,0.00
163,Pennsylvania,Gettysburg,2010.00,215.00,0.03,0.00
164,Pennsylvania,Johnstown,2010.00,891.00,0.04,0.01
165,Pennsylvania,Lancaster,2010.00,3368.00,0.06,0.00
166,Pennsylvania,Lebanon,2010.00,776.00,0.03,0.00
167,Pennsylvania,Pittsburgh,2010.00,14094.00,0.05,0.00
168,Pennsylvania,Reading,2010.00,4429.00,0.05,-0.01
169,Pennsylvania,State College,2010.00,966.00,0.02,0.00
170,Pennsylvania,Williamsport,2010.00,1322.00,0.05,0.00
171,South Carolina,Columbia,2010.00,9204.00,0.07,NA
172,South Carolina,Florence,2010.00,3245.00,0.10,-0.01
173,South Carolina,Spartanburg,2010.00,3733.00,0.09,0.00
174,South Carolina,Sumter,2010.00,3206.00,0.08,-0.02
175,South Dakota,Rapid City,2010.00,3227.00,0.05,0.00
176,South Dakota,Sioux Falls,2010.00,5336.00,0.03,0.00
177,Tennessee,Chattanooga,2010.00,12423.00,0.07,0.00
178,Tennessee,Clarksville,2010.00,4904.00,0.04,0.00
179,Tennessee,Cleveland,2010.00,2334.00,0.06,0.01
180,Tennessee,Jackson,2010.00,4585.00,0.07,0.00
181,Tennessee,Johnson City,2010.00,3288.00,0.05,0.00
182,Tennessee,Knoxville,2010.00,14077.00,0.08,0.00
183,Tennessee,Memphis,2010.00,52522.00,0.08,0.00
184,Tennessee,Morristown,2010.00,2342.00,0.08,-0.01
185,Texas,Abilene,2010.00,5475.00,0.05,-0.01
186,Texas,Amarillo,2010.00,12248.00,0.06,-0.01
187,Texas,Corpus Christi,2010.00,17169.00,0.06,-0.01
188,Texas,El Paso,2010.00,20265.00,0.03,0.00
189,Texas,Laredo,2010.00,12606.00,0.05,-0.01
190,Texas,Longview,2010.00,4871.00,0.06,-0.01
191,Texas,Lubbock,2010.00,14392.00,0.06,0.00
192,Texas,Midland,2010.00,4006.00,0.04,0.00
193,Texas,Odessa,2010.00,4249.00,0.04,0.00
194,Texas,San Angelo,2010.00,4445.00,0.05,-0.01
195,Texas,Texarkana,2010.00,2877.00,0.08,0.00
196,Texas,Tyler,2010.00,5735.00,0.06,-0.01
197,Texas,Victoria,2010.00,3708.00,0.06,0.00
198,Texas,Waco,2010.00,7277.00,0.06,0.00
199,Texas,Wichita Falls,2010.00,5777.00,0.06,-0.01
200,Utah,Logan,2010.00,638.00,0.01,0.00
201,Utah,Salt Lake City,2010.00,15128.00,0.09,-0.01
202,Utah,St. George,2010.00,1684.00,0.02,NA
203,Virginia,Charlottesville,2010.00,1888.00,0.04,-0.01
204,Virginia,Harrisonburg,2010.00,1163.00,0.03,0.00
205,Virginia,Lynchburg,2010.00,2917.00,0.04,0.00
206,Virginia,Richmond,2010.00,10073.00,0.05,0.00
207,Virginia,Roanoke,2010.00,5412.00,0.06,0.00
208,Virginia,Winchester,2010.00,1181.00,0.04,0.00
209,Washington,Bellingham,2010.00,3935.00,0.05,0.00
210,Washington,Longview,2010.00,2076.00,0.06,0.00
211,Washington,Walla Walla,2010.00,1408.00,0.05,0.00
212,Washington,Wenatchee,2010.00,1261.00,0.04,0.00
213,Washington,Yakima,2010.00,6045.00,0.07,-0.01
214,West Virginia,Beckley,2010.00,1660.00,0.10,-0.03
215,West Virginia,Morgantown,2010.00,100.00,0.00,NA
216,Wisconsin,Appleton,2010.00,1918.00,0.03,0.00
217,Wisconsin,Eau Claire,2010.00,2045.00,0.03,0.00
218,Wisconsin,Fond du Lac,2010.00,1261.00,0.03,0.00
219,Wisconsin,Green Bay,2010.00,2965.00,0.03,0.00
220,Wisconsin,Madison,2010.00,8970.00,0.04,0.00
221,Wisconsin,Racine,2010.00,3793.00,0.05,0.00
222,Wisconsin,Wausau,2010.00,1289.00,0.03,0.00
223,Wyoming,Casper,2010.00,2513.00,0.04,-0.01
224,Wyoming,Cheyenne,2010.00,2400.00,0.04,0.00
225,Alabama,Mobile,2010.00,0.00,NA,NA
226,Louisiana,Baton Rouge,2010.00,0.00,NA,NA
227,Montana,Missoula,2010.00,0.00,NA,NA
228,North Carolina,Jacksonville,2010.00,0.00,NA,NA
229,Oregon,Grants Pass,2010.00,0.00,NA,NA
230,West Virginia,Charleston,2010.00,0.00,NA,NA
231,Wisconsin,Sheboygan,2010.00,0.00,NA,NA
232,North Carolina,Greenville,2010.00,0.00,NA,NA
233,West Virginia,Wheeling,2010.00,0.00,NA,NA
,Alabama,Decatur,2011.00,2306.00,0.04,0.01
,Alabama,Dothan,2011.00,3080.00,0.05,0.00
,Alabama,Gadsden,2011.00,3272.00,0.09,0.00
,Alabama,Huntsville,2011.00,11267.00,0.06,0.00
,Alabama,Montgomery,2011.00,11451.00,0.06,0.01
,Alabama,Tuscaloosa,2011.00,4834.00,0.05,0.00
,Alaska,Anchorage,2011.00,11843.00,0.04,0.00
,Alaska,Fairbanks,2011.00,1409.00,0.04,0.00
,Arizona,Flagstaff,2011.00,3271.00,0.05,0.00
,Arizona,Prescott,2011.00,1429.00,0.04,0.00
,Arizona,Tucson,2011.00,3440.00,0.01,0.00
,Arizona,Yuma,2011.00,3717.00,0.04,0.00
,Arkansas,Fort Smith,2011.00,5304.00,0.06,0.00
,Arkansas,Hot Springs,2011.00,3175.00,0.09,0.00
,Arkansas,Jonesboro,2011.00,3680.00,0.05,0.00
,Arkansas,Pine Bluff,2011.00,4691.00,0.09,-0.01
,California,Bakersfield,2011.00,16706.00,0.05,0.01
,California,Chico,2011.00,2360.00,0.03,0.00
,California,El Centro,2011.00,2449.00,0.06,0.00
,California,Fresno,2011.00,28336.00,0.06,0.00
,California,Madera,2011.00,1848.00,0.03,0.00
,California,Merced,2011.00,3662.00,0.05,0.01
,California,Modesto,2011.00,10307.00,0.05,0.01
,California,Napa,2011.00,1839.00,0.02,0.00
,California,Redding,2011.00,4097.00,0.05,0.01
,California,Salinas,2011.00,5607.00,0.04,0.00
,California,Santa Rosa,2011.00,4388.00,0.03,0.00
,California,Yuba City,2011.00,2005.00,0.03,0.00
,Colorado,Boulder,2011.00,2766.00,0.03,0.00
,Colorado,Colorado Springs,2011.00,17731.00,0.04,0.00
,Colorado,Fort Collins,2011.00,4692.00,0.03,0.00
,Colorado,Grand Junction,2011.00,2845.00,0.05,0.00
,Colorado,Greeley,2011.00,3555.00,0.04,0.00
,Colorado,Pueblo,2011.00,6325.00,0.06,0.01
,Delaware,Dover,2011.00,2556.00,0.07,0.00
,Florida,Gainesville,2011.00,6268.00,0.05,0.00
,Florida,Jacksonville,2011.00,41295.00,0.05,0.00
,Florida,Ocala,2011.00,3512.00,0.06,0.00
,Florida,Panama City,2011.00,2597.00,0.07,0.00
,Florida,Port St. Lucie,2011.00,4232.00,0.03,-0.01
,Florida,Punta Gorda,2011.00,341.00,0.02,0.00
,Florida,Sebring,2011.00,553.00,0.05,0.00
,Florida,Tallahassee,2011.00,11024.00,0.06,0.00
,Georgia,Albany,2011.00,5359.00,0.07,0.01
,Georgia,Brunswick,2011.00,1512.00,0.10,-0.01
,Georgia,Columbus,2011.00,13383.00,0.07,-0.01
,Georgia,Dalton,2011.00,1394.00,0.04,0.00
,Georgia,Gainesville,2011.00,1698.00,0.05,0.00
,Georgia,Hinesville,2011.00,1760.00,0.05,-0.01
,Georgia,Macon,2011.00,8373.00,0.09,-0.01
,Georgia,Rome,2011.00,2429.00,0.07,0.00
,Georgia,Valdosta,2011.00,2768.00,0.05,0.00
,Georgia,Warner Robins,2011.00,4448.00,0.07,0.00
,Idaho,Coeur d'Alene,2011.00,0.00,NA,NA
,Idaho,Idaho Falls,2011.00,1730.00,0.03,0.00
,Idaho,Lewiston,2011.00,0.00,NA,NA
,Idaho,Pocatello,2011.00,1926.00,0.04,-0.01
,Illinois,Bloomington,2011.00,2101.00,0.03,0.00
,Illinois,Danville,2011.00,2541.00,0.08,-0.01
,Illinois,Decatur,2011.00,3316.00,0.04,-0.01
,Illinois,Kankakee,2011.00,1556.00,0.06,0.00
,Illinois,Peoria,2011.00,6252.00,0.05,0.00
,Illinois,Rockford,2011.00,9228.00,0.06,0.00
,Illinois,Springfield,2011.00,8454.00,0.07,0.00
,Indiana,Bloomington,2011.00,3316.00,0.04,0.00
,Indiana,Columbus,2011.00,2681.00,0.06,-0.01
,Indiana,Evansville,2011.00,5947.00,0.05,0.01
,Indiana,Fort Wayne,2011.00,9821.00,0.04,0.00
,Indiana,Kokomo,2011.00,2742.00,0.06,-0.02
,Indiana,Muncie,2011.00,2946.00,0.04,0.00
,Indiana,Terre Haute,2011.00,4094.00,0.07,0.00
,Iowa,Ames,2011.00,1848.00,0.03,-0.01
,Iowa,Cedar Rapids,2011.00,5237.00,0.04,0.00
,Iowa,Dubuque,2011.00,1837.00,0.03,-0.03
,Iowa,Iowa City,2011.00,1743.00,0.03,0.00
,Iowa,Sioux City,2011.00,3846.00,0.05,0.00
,Kansas,Lawrence,2011.00,4128.00,0.05,0.00
,Kansas,Topeka,2011.00,8227.00,0.06,-0.01
,Kansas,Wichita,2011.00,22406.00,0.06,0.00
,Kentucky,Bowling Green,2011.00,2883.00,0.05,0.01
,Kentucky,Owensboro,2011.00,2466.00,0.04,0.00
,Louisiana,Alexandria,2011.00,4211.00,0.09,0.00
,Louisiana,Hammond,2011.00,2633.00,0.13,0.01
,Louisiana,Lafayette,2011.00,7354.00,0.06,0.00
,Louisiana,Lake Charles,2011.00,0.00,NA,NA
,Louisiana,Monroe,2011.00,4744.00,0.10,-0.01
,Maine,Bangor,2011.00,1741.00,0.05,0.01
,Maryland,Cumberland,2011.00,1578.00,0.07,0.00
,Maryland,Salisbury,2011.00,2201.00,0.07,0.00
,Massachusetts,Pittsfield,2011.00,1535.00,0.03,0.00
,Massachusetts,Springfield,2011.00,8946.00,0.06,0.00
,Massachusetts,Worcester,2011.00,7877.00,0.04,0.00
,Michigan,Ann Arbor,2011.00,2810.00,0.02,0.00
,Michigan,Battle Creek,2011.00,3656.00,0.06,NA
,Michigan,Bay City,2011.00,967.00,0.03,0.00
,Michigan,Flint,2011.00,9010.00,0.09,-0.01
,Michigan,Jackson,2011.00,0.00,NA,NA
,Michigan,Midland,2011.00,543.00,0.01,0.00
,Michigan,Monroe,2011.00,1018.00,0.05,0.00
,Michigan,Muskegon,2011.00,2521.00,0.07,NA
,Michigan,Saginaw,2011.00,3054.00,0.06,0.00
,Minnesota,Duluth,2011.00,4346.00,0.05,-0.01
,Minnesota,Rochester,2011.00,2323.00,0.02,0.00
,Minnesota,St. Cloud,2011.00,2578.00,0.04,NA
,Mississippi,Hattiesburg,2011.00,0.00,NA,NA
,Mississippi,Jackson,2011.00,14431.00,0.08,-0.01
,Missouri,Cape Girardeau,2011.00,2725.00,0.07,0.00
,Missouri,Columbia,2011.00,4845.00,0.04,0.00
,Missouri,Jefferson City,2011.00,1858.00,0.04,0.00
,Missouri,Joplin,2011.00,3782.00,0.08,0.01
,Missouri,Kansas City,2011.00,31081.00,0.07,0.00
,Missouri,Springfield,2011.00,15724.00,0.10,0.00
,Missouri,St. Joseph,2011.00,4337.00,0.06,0.01
,Missouri,St. Louis,2011.00,31619.00,0.10,-0.01
,Montana,Billings,2011.00,5006.00,0.05,0.00
,Montana,Great Falls,2011.00,2875.00,0.05,0.00
,Nebraska,Grand Island,2011.00,2597.00,0.05,0.00
,Nebraska,Lincoln,2011.00,11155.00,0.04,0.00
,Nevada,Reno,2011.00,7658.00,0.03,0.00
,New Jersey,Ocean City,2011.00,603.00,0.05,-0.01
,New Jersey,Trenton,2011.00,3778.00,0.04,0.00
,New Mexico,Albuquerque,2011.00,32183.00,0.06,0.00
,New Mexico,Farmington,2011.00,2132.00,0.05,0.01
,New Mexico,Las Cruces,2011.00,4970.00,0.05,0.00
,New Mexico,Santa Fe,2011.00,4054.00,0.06,0.00
,New York,Binghamton,2011.00,2552.00,0.05,0.00
,New York,Elmira,2011.00,1211.00,0.04,0.00
,New York,Glens Falls,2011.00,454.00,0.03,0.00
,New York,Ithaca,2011.00,0.00,NA,NA
,New York,Kingston,2011.00,673.00,0.03,0.01
,New York,Rochester,2011.00,12963.00,0.06,0.00
,New York,Syracuse,2011.00,6577.00,0.05,0.01
,North Carolina,Asheville,2011.00,4393.00,0.05,0.01
,North Carolina,Burlington,2011.00,4074.00,0.08,-0.02
,North Carolina,Fayetteville,2011.00,14022.00,0.07,0.00
,North Carolina,Goldsboro,2011.00,2998.00,0.08,-0.01
,North Carolina,New Bern,2011.00,1982.00,0.07,0.00
,North Carolina,Raleigh,2011.00,14966.00,0.04,0.00
,North Carolina,Rocky Mount,2011.00,4485.00,0.08,-0.01
,North Carolina,Wilmington,2011.00,6370.00,0.06,0.00
,North Dakota,Bismarck,2011.00,2031.00,0.03,0.00
,North Dakota,Fargo,2011.00,3055.00,0.03,0.00
,North Dakota,Grand Forks,2011.00,1666.00,0.03,0.00
,Ohio,Akron,2011.00,12643.00,0.06,0.00
,Ohio,Cincinnati,2011.00,23529.00,0.08,-0.01
,Ohio,Columbus,2011.00,54228.00,0.07,NA
,Ohio,Dayton,2011.00,9678.00,0.07,0.00
,Ohio,Lima,2011.00,2666.00,0.07,0.00
,Ohio,Mansfield,2011.00,3234.00,0.07,0.00
,Ohio,Springfield,2011.00,5020.00,0.08,0.00
,Ohio,Toledo,2011.00,2868.00,0.01,0.00
,Oklahoma,Enid,2011.00,2065.00,0.04,0.00
,Oklahoma,Lawton,2011.00,6360.00,0.06,0.00
,Oklahoma,Oklahoma City,2011.00,39221.00,0.07,0.00
,Oklahoma,Tulsa,2011.00,25883.00,0.07,0.00
,Oregon,Albany,2011.00,1483.00,0.03,0.00
,Oregon,Corvallis,2011.00,1824.00,0.03,-0.01
,Oregon,Eugene,2011.00,8338.00,0.05,0.00
,Oregon,Medford,2011.00,4282.00,0.06,0.01
,Oregon,Salem,2011.00,6479.00,0.04,0.00
,Pennsylvania,Altoona,2011.00,1233.00,0.03,0.00
,Pennsylvania,Erie,2011.00,4169.00,0.04,0.00
,Pennsylvania,Gettysburg,2011.00,228.00,0.03,0.00
,Pennsylvania,Johnstown,2011.00,1112.00,0.05,-0.01
,Pennsylvania,Lancaster,2011.00,3518.00,0.06,0.00
,Pennsylvania,Lebanon,2011.00,730.00,0.03,0.00
,Pennsylvania,Pittsburgh,2011.00,12539.00,0.04,0.00
,Pennsylvania,Reading,2011.00,4059.00,0.05,0.00
,Pennsylvania,State College,2011.00,950.00,0.02,0.00
,Pennsylvania,Williamsport,2011.00,1354.00,0.05,0.00
,South Carolina,Columbia,2011.00,0.00,NA,NA
,South Carolina,Florence,2011.00,3581.00,0.10,-0.01
,South Carolina,Spartanburg,2011.00,3513.00,0.09,-0.01
,South Carolina,Sumter,2011.00,2696.00,0.07,0.00
,South Dakota,Rapid City,2011.00,3397.00,0.05,0.01
,South Dakota,Sioux Falls,2011.00,5147.00,0.03,0.00
,Tennessee,Chattanooga,2011.00,12095.00,0.07,NA
,Tennessee,Clarksville,2011.00,5100.00,0.04,0.00
,Tennessee,Cleveland,2011.00,2697.00,0.06,0.00
,Tennessee,Jackson,2011.00,4421.00,0.07,0.00
,Tennessee,Johnson City,2011.00,3236.00,0.05,0.00
,Tennessee,Knoxville,2011.00,14570.00,0.08,0.00
,Tennessee,Memphis,2011.00,52691.00,0.08,0.00
,Tennessee,Morristown,2011.00,2159.00,0.07,-0.01
,Texas,Abilene,2011.00,4812.00,0.04,0.00
,Texas,Amarillo,2011.00,10611.00,0.05,0.00
,Texas,Corpus Christi,2011.00,16884.00,0.05,0.00
,Texas,El Paso,2011.00,19170.00,0.03,0.00
,Texas,Laredo,2011.00,11539.00,0.05,0.00
,Texas,Longview,2011.00,4214.00,0.05,0.01
,Texas,Lubbock,2011.00,13878.00,0.06,0.00
,Texas,Midland,2011.00,3621.00,0.03,0.00
,Texas,Odessa,2011.00,3882.00,0.04,0.01
,Texas,San Angelo,2011.00,3874.00,0.04,NA
,Texas,Texarkana,2011.00,2945.00,0.08,0.00
,Texas,Tyler,2011.00,4944.00,0.05,0.00
,Texas,Victoria,2011.00,3641.00,0.06,-0.01
,Texas,Waco,2011.00,7188.00,0.06,-0.01
,Texas,Wichita Falls,2011.00,5335.00,0.05,0.00
,Utah,Logan,2011.00,402.00,0.01,0.01
,Utah,Salt Lake City,2011.00,14011.00,0.07,0.01
,Utah,St. George,2011.00,0.00,NA,NA
,Virginia,Charlottesville,2011.00,1650.00,0.04,0.00
,Virginia,Harrisonburg,2011.00,1159.00,0.02,0.00
,Virginia,Lynchburg,2011.00,2747.00,0.04,-0.01
,Virginia,Richmond,2011.00,10075.00,0.05,0.00
,Virginia,Roanoke,2011.00,5224.00,0.05,0.00
,Virginia,Winchester,2011.00,1180.00,0.04,0.00
,Washington,Bellingham,2011.00,3937.00,0.05,0.00
,Washington,Longview,2011.00,2159.00,0.06,0.01
,Washington,Walla Walla,2011.00,1513.00,0.05,0.00
,Washington,Wenatchee,2011.00,1402.00,0.04,NA
,Washington,Yakima,2011.00,5601.00,0.06,0.01
,West Virginia,Beckley,2011.00,1184.00,0.07,0.03
,West Virginia,Morgantown,2011.00,0.00,NA,NA
,Wisconsin,Appleton,2011.00,1675.00,0.02,0.00
,Wisconsin,Eau Claire,2011.00,2098.00,0.03,NA
,Wisconsin,Fond du Lac,2011.00,1215.00,0.03,0.00
,Wisconsin,Green Bay,2011.00,2793.00,0.03,0.01
,Wisconsin,Madison,2011.00,8751.00,0.04,0.00
,Wisconsin,Racine,2011.00,3929.00,0.05,0.00
,Wisconsin,Wausau,2011.00,1301.00,0.03,0.00
,Wyoming,Casper,2011.00,2160.00,0.04,0.00
,Wyoming,Cheyenne,2011.00,2196.00,0.04,0.00
,Alabama,Mobile,2011.00,15269.00,0.06,-0.01
,Louisiana,Baton Rouge,2011.00,15134.00,0.07,0.00
,Montana,Missoula,2011.00,2607.00,0.04,0.01
,North Carolina,Jacksonville,2011.00,2205.00,0.03,NA
,Oregon,Grants Pass,2011.00,2098.00,0.06,NA
,West Virginia,Charleston,2011.00,3519.00,0.07,NA
,Wisconsin,Sheboygan,2011.00,1577.00,0.03,0.00
,North Carolina,Greenville,2011.00,0.00,NA,NA
,West Virginia,Wheeling,2011.00,0.00,NA,NA
,Alabama,Decatur,2012.00,3153.00,0.06,-0.01
,Alabama,Dothan,2012.00,3253.00,0.05,-0.01
,Alabama,Gadsden,2012.00,3372.00,0.09,0.00
,Alabama,Huntsville,2012.00,10957.00,0.06,0.00
,Alabama,Montgomery,2012.00,12885.00,0.06,NA
,Alabama,Tuscaloosa,2012.00,4827.00,0.05,0.00
,Alaska,Anchorage,2012.00,13022.00,0.04,0.00
,Alaska,Fairbanks,2012.00,1548.00,0.05,0.00
,Arizona,Flagstaff,2012.00,3096.00,0.05,0.00
,Arizona,Prescott,2012.00,1272.00,0.03,0.00
,Arizona,Tucson,2012.00,3851.00,0.01,0.06
,Arizona,Yuma,2012.00,3861.00,0.04,0.00
,Arkansas,Fort Smith,2012.00,5458.00,0.06,0.00
,Arkansas,Hot Springs,2012.00,3231.00,0.09,0.00
,Arkansas,Jonesboro,2012.00,3452.00,0.05,0.00
,Arkansas,Pine Bluff,2012.00,3937.00,0.08,NA
,California,Bakersfield,2012.00,19683.00,0.06,0.00
,California,Chico,2012.00,2573.00,0.03,0.00
,California,El Centro,2012.00,2643.00,0.06,-0.01
,California,Fresno,2012.00,28485.00,0.06,-0.01
,California,Madera,2012.00,2087.00,0.03,0.01
,California,Merced,2012.00,4921.00,0.06,-0.02
,California,Modesto,2012.00,12866.00,0.06,-0.01
,California,Napa,2012.00,1859.00,0.02,0.00
,California,Redding,2012.00,5085.00,0.06,-0.01
,California,Salinas,2012.00,5933.00,0.04,0.00
,California,Santa Rosa,2012.00,4454.00,0.03,0.00
,California,Yuba City,2012.00,2229.00,0.03,0.00
,Colorado,Boulder,2012.00,3186.00,0.03,0.00
,Colorado,Colorado Springs,2012.00,19867.00,0.05,0.00
,Colorado,Fort Collins,2012.00,4510.00,0.03,0.00
,Colorado,Grand Junction,2012.00,2985.00,0.05,0.00
,Colorado,Greeley,2012.00,3669.00,0.04,0.00
,Colorado,Pueblo,2012.00,7827.00,0.07,0.01
,Delaware,Dover,2012.00,2469.00,0.07,0.00
,Florida,Gainesville,2012.00,6052.00,0.05,0.00
,Florida,Jacksonville,2012.00,39863.00,0.05,0.00
,Florida,Ocala,2012.00,3472.00,0.06,0.00
,Florida,Panama City,2012.00,2592.00,0.07,0.00
,Florida,Port St. Lucie,2012.00,3426.00,0.02,0.00
,Florida,Punta Gorda,2012.00,289.00,0.02,0.00
,Florida,Sebring,2012.00,512.00,0.05,0.01
,Florida,Tallahassee,2012.00,10199.00,0.05,0.00
,Georgia,Albany,2012.00,5814.00,0.07,0.00
,Georgia,Brunswick,2012.00,1333.00,0.08,0.00
,Georgia,Columbus,2012.00,12260.00,0.06,0.00
,Georgia,Dalton,2012.00,1338.00,0.04,0.00
,Georgia,Gainesville,2012.00,1610.00,0.05,0.00
,Georgia,Hinesville,2012.00,1632.00,0.05,0.00
,Georgia,Macon,2012.00,7282.00,0.08,0.00
,Georgia,Rome,2012.00,2431.00,0.07,0.00
,Georgia,Valdosta,2012.00,2572.00,0.05,NA
,Georgia,Warner Robins,2012.00,4345.00,0.06,0.00
,Idaho,Coeur d'Alene,2012.00,2238.00,0.05,-0.01
,Idaho,Idaho Falls,2012.00,1844.00,0.03,0.00
,Idaho,Lewiston,2012.00,1335.00,0.04,0.00
,Idaho,Pocatello,2012.00,1643.00,0.03,0.01
,Illinois,Bloomington,2012.00,2169.00,0.03,0.00
,Illinois,Danville,2012.00,2308.00,0.07,NA
,Illinois,Decatur,2012.00,2800.00,0.04,0.00
,Illinois,Kankakee,2012.00,1438.00,0.05,-0.01
,Illinois,Peoria,2012.00,5941.00,0.05,-0.01
,Illinois,Rockford,2012.00,9691.00,0.06,0.00
,Illinois,Springfield,2012.00,8083.00,0.07,-0.01
,Indiana,Bloomington,2012.00,3487.00,0.04,-0.01
,Indiana,Columbus,2012.00,2293.00,0.05,0.00
,Indiana,Evansville,2012.00,6643.00,0.06,0.00
,Indiana,Fort Wayne,2012.00,10446.00,0.04,0.00
,Indiana,Kokomo,2012.00,2034.00,0.04,0.00
,Indiana,Muncie,2012.00,3192.00,0.05,0.00
,Indiana,Terre Haute,2012.00,3921.00,0.06,-0.01
,Iowa,Ames,2012.00,1532.00,0.03,0.00
,Iowa,Cedar Rapids,2012.00,5079.00,0.04,0.00
,Iowa,Dubuque,2012.00,128.00,0.00,0.03
,Iowa,Iowa City,2012.00,2027.00,0.03,0.00
,Iowa,Sioux City,2012.00,3744.00,0.04,0.00
,Kansas,Lawrence,2012.00,4367.00,0.05,0.00
,Kansas,Topeka,2012.00,7613.00,0.06,0.00
,Kansas,Wichita,2012.00,23939.00,0.06,0.00
,Kentucky,Bowling Green,2012.00,3214.00,0.05,0.00
,Kentucky,Owensboro,2012.00,2643.00,0.05,-0.01
,Louisiana,Alexandria,2012.00,4445.00,0.09,0.00
,Louisiana,Hammond,2012.00,2772.00,0.14,-0.01
,Louisiana,Lafayette,2012.00,7594.00,0.06,0.01
,Louisiana,Lake Charles,2012.00,0.00,NA,NA
,Louisiana,Monroe,2012.00,4265.00,0.09,0.01
,Maine,Bangor,2012.00,1918.00,0.06,0.00
,Maryland,Cumberland,2012.00,1581.00,0.08,0.00
,Maryland,Salisbury,2012.00,2225.00,0.07,0.00
,Massachusetts,Pittsfield,2012.00,1357.00,0.03,0.00
,Massachusetts,Springfield,2012.00,8630.00,0.06,0.00
,Massachusetts,Worcester,2012.00,8190.00,0.04,0.00
,Michigan,Ann Arbor,2012.00,2953.00,0.03,0.00
,Michigan,Battle Creek,2012.00,0.00,NA,NA
,Michigan,Bay City,2012.00,1006.00,0.03,0.00
,Michigan,Flint,2012.00,8419.00,0.08,-0.02
,Michigan,Jackson,2012.00,0.00,NA,NA
,Michigan,Midland,2012.00,495.00,0.01,NA
,Michigan,Monroe,2012.00,939.00,0.05,-0.01
,Michigan,Muskegon,2012.00,0.00,NA,NA
,Michigan,Saginaw,2012.00,2976.00,0.06,-0.01
,Minnesota,Duluth,2012.00,3861.00,0.04,0.01
,Minnesota,Rochester,2012.00,2721.00,0.03,0.00
,Minnesota,St. Cloud,2012.00,0.00,NA,NA
,Mississippi,Hattiesburg,2012.00,2786.00,0.06,0.00
,Mississippi,Jackson,2012.00,13236.00,0.08,-0.01
,Missouri,Cape Girardeau,2012.00,2871.00,0.07,-0.02
,Missouri,Columbia,2012.00,4697.00,0.04,0.00
,Missouri,Jefferson City,2012.00,1847.00,0.04,0.00
,Missouri,Joplin,2012.00,4126.00,0.08,0.00
,Missouri,Kansas City,2012.00,31504.00,0.07,0.00
,Missouri,Springfield,2012.00,16100.00,0.10,0.00
,Missouri,St. Joseph,2012.00,5031.00,0.07,0.00
,Missouri,St. Louis,2012.00,27656.00,0.09,0.00
,Montana,Billings,2012.00,5182.00,0.05,0.01
,Montana,Great Falls,2012.00,2939.00,0.05,0.00
,Nebraska,Grand Island,2012.00,2467.00,0.05,0.00
,Nebraska,Lincoln,2012.00,11221.00,0.04,0.00
,Nevada,Reno,2012.00,8615.00,0.04,0.00
,New Jersey,Ocean City,2012.00,493.00,0.04,0.00
,New Jersey,Trenton,2012.00,3997.00,0.05,-0.01
,New Mexico,Albuquerque,2012.00,33869.00,0.06,0.00
,New Mexico,Farmington,2012.00,2347.00,0.05,-0.01
,New Mexico,Las Cruces,2012.00,4813.00,0.05,0.00
,New Mexico,Santa Fe,2012.00,4228.00,0.06,NA
,New York,Binghamton,2012.00,2651.00,0.06,0.00
,New York,Elmira,2012.00,1296.00,0.04,-0.01
,New York,Glens Falls,2012.00,415.00,0.03,0.00
,New York,Ithaca,2012.00,1303.00,0.04,NA
,New York,Kingston,2012.00,842.00,0.04,0.00
,New York,Rochester,2012.00,13352.00,0.06,-0.01
,New York,Syracuse,2012.00,7348.00,0.05,0.00
,North Carolina,Asheville,2012.00,5333.00,0.06,NA
,North Carolina,Burlington,2012.00,3198.00,0.06,0.00
,North Carolina,Fayetteville,2012.00,14349.00,0.07,0.00
,North Carolina,Goldsboro,2012.00,2669.00,0.07,0.00
,North Carolina,New Bern,2012.00,2024.00,0.07,-0.01
,North Carolina,Raleigh,2012.00,15559.00,0.04,0.00
,North Carolina,Rocky Mount,2012.00,4132.00,0.07,0.00
,North Carolina,Wilmington,2012.00,6528.00,0.06,0.00
,North Dakota,Bismarck,2012.00,2163.00,0.03,0.00
,North Dakota,Fargo,2012.00,3229.00,0.03,0.00
,North Dakota,Grand Forks,2012.00,1555.00,0.03,0.00
,Ohio,Akron,2012.00,11793.00,0.06,0.00
,Ohio,Cincinnati,2012.00,21060.00,0.07,0.00
,Ohio,Columbus,2012.00,0.00,NA,NA
,Ohio,Dayton,2012.00,9769.00,0.07,-0.01
,Ohio,Lima,2012.00,2546.00,0.07,-0.01
,Ohio,Mansfield,2012.00,3383.00,0.07,0.00
,Ohio,Springfield,2012.00,4710.00,0.08,0.00
,Ohio,Toledo,2012.00,3352.00,0.01,0.00
,Oklahoma,Enid,2012.00,2142.00,0.04,0.01
,Oklahoma,Lawton,2012.00,6128.00,0.06,0.00
,Oklahoma,Oklahoma City,2012.00,40864.00,0.07,-0.01
,Oklahoma,Tulsa,2012.00,24756.00,0.06,0.00
,Oregon,Albany,2012.00,1624.00,0.03,0.01
,Oregon,Corvallis,2012.00,1485.00,0.03,0.00
,Oregon,Eugene,2012.00,8434.00,0.05,0.00
,Oregon,Medford,2012.00,4843.00,0.06,0.01
,Oregon,Salem,2012.00,7295.00,0.05,0.00
,Pennsylvania,Altoona,2012.00,1066.00,0.02,0.00
,Pennsylvania,Erie,2012.00,3968.00,0.04,0.00
,Pennsylvania,Gettysburg,2012.00,209.00,0.03,-0.01
,Pennsylvania,Johnstown,2012.00,953.00,0.04,0.00
,Pennsylvania,Lancaster,2012.00,3365.00,0.06,0.00
,Pennsylvania,Lebanon,2012.00,795.00,0.03,0.00
,Pennsylvania,Pittsburgh,2012.00,13038.00,0.04,0.00
,Pennsylvania,Reading,2012.00,4440.00,0.05,-0.01
,Pennsylvania,State College,2012.00,840.00,0.01,0.00
,Pennsylvania,Williamsport,2012.00,1346.00,0.05,0.00
,South Carolina,Columbia,2012.00,0.00,NA,NA
,South Carolina,Florence,2012.00,3225.00,0.09,0.00
,South Carolina,Spartanburg,2012.00,3231.00,0.09,0.00
,South Carolina,Sumter,2012.00,2550.00,0.06,0.00
,South Dakota,Rapid City,2012.00,3980.00,0.06,-0.01
,South Dakota,Sioux Falls,2012.00,5672.00,0.04,0.00
,Tennessee,Chattanooga,2012.00,0.00,NA,NA
,Tennessee,Clarksville,2012.00,4616.00,0.03,0.00
,Tennessee,Cleveland,2012.00,2596.00,0.06,0.00
,Tennessee,Jackson,2012.00,4218.00,0.06,0.00
,Tennessee,Johnson City,2012.00,3194.00,0.05,-0.01
,Tennessee,Knoxville,2012.00,13943.00,0.08,-0.01
,Tennessee,Memphis,2012.00,53010.00,0.08,0.00
,Tennessee,Morristown,2012.00,2001.00,0.07,-0.01
,Texas,Abilene,2012.00,4865.00,0.04,0.00
,Texas,Amarillo,2012.00,10178.00,0.05,0.00
,Texas,Corpus Christi,2012.00,16118.00,0.05,0.00
,Texas,El Paso,2012.00,19270.00,0.03,0.00
,Texas,Laredo,2012.00,11721.00,0.05,0.00
,Texas,Longview,2012.00,4675.00,0.06,-0.01
,Texas,Lubbock,2012.00,14235.00,0.06,0.00
,Texas,Midland,2012.00,3406.00,0.03,0.00
,Texas,Odessa,2012.00,4820.00,0.05,0.00
,Texas,San Angelo,2012.00,0.00,NA,NA
,Texas,Texarkana,2012.00,2898.00,0.08,-0.01
,Texas,Tyler,2012.00,5042.00,0.05,-0.01
,Texas,Victoria,2012.00,2989.00,0.05,0.00
,Texas,Waco,2012.00,6479.00,0.05,0.00
,Texas,Wichita Falls,2012.00,5496.00,0.05,0.00
,Utah,Logan,2012.00,1079.00,0.02,0.00
,Utah,Salt Lake City,2012.00,15657.00,0.08,0.00
,Utah,St. George,2012.00,1716.00,0.02,0.00
,Virginia,Charlottesville,2012.00,1700.00,0.04,0.00
,Virginia,Harrisonburg,2012.00,1177.00,0.02,0.01
,Virginia,Lynchburg,2012.00,2360.00,0.03,0.00
,Virginia,Richmond,2012.00,10451.00,0.05,0.00
,Virginia,Roanoke,2012.00,5313.00,0.05,0.00
,Virginia,Winchester,2012.00,1253.00,0.05,-0.01
,Washington,Bellingham,2012.00,4195.00,0.05,NA
,Washington,Longview,2012.00,2367.00,0.06,0.01
,Washington,Walla Walla,2012.00,1559.00,0.05,NA
,Washington,Wenatchee,2012.00,0.00,NA,NA
,Washington,Yakima,2012.00,6340.00,0.07,-0.01
,West Virginia,Beckley,2012.00,1777.00,0.10,NA
,West Virginia,Morgantown,2012.00,930.00,0.03,-0.01
,Wisconsin,Appleton,2012.00,1605.00,0.02,0.00
,Wisconsin,Eau Claire,2012.00,0.00,NA,NA
,Wisconsin,Fond du Lac,2012.00,1393.00,0.03,0.00
,Wisconsin,Green Bay,2012.00,3492.00,0.03,0.00
,Wisconsin,Madison,2012.00,8650.00,0.04,0.00
,Wisconsin,Racine,2012.00,3555.00,0.04,0.00
,Wisconsin,Wausau,2012.00,1199.00,0.03,0.00
,Wyoming,Casper,2012.00,2054.00,0.04,0.00
,Wyoming,Cheyenne,2012.00,2221.00,0.04,0.00
,Alabama,Mobile,2012.00,13417.00,0.05,0.00
,Louisiana,Baton Rouge,2012.00,14566.00,0.06,0.00
,Montana,Missoula,2012.00,3262.00,0.05,0.00
,North Carolina,Jacksonville,2012.00,0.00,NA,NA
,Oregon,Grants Pass,2012.00,0.00,NA,NA
,West Virginia,Charleston,2012.00,0.00,NA,NA
,Wisconsin,Sheboygan,2012.00,1687.00,0.03,-0.01
,North Carolina,Greenville,2012.00,4300.00,0.05,0.00
,West Virginia,Wheeling,2012.00,1012.00,0.04,NA
,Alabama,Decatur,2013.00,2702.00,0.05,0.00
,Alabama,Dothan,2013.00,2836.00,0.04,NA
,Alabama,Gadsden,2013.00,3358.00,0.09,0.00
,Alabama,Huntsville,2013.00,10723.00,0.06,0.00
,Alabama,Montgomery,2013.00,0.00,NA,NA
,Alabama,Tuscaloosa,2013.00,4946.00,0.05,0.00
,Alaska,Anchorage,2013.00,14467.00,0.05,0.00
,Alaska,Fairbanks,2013.00,1482.00,0.05,0.00
,Arizona,Flagstaff,2013.00,3115.00,0.05,0.00
,Arizona,Prescott,2013.00,1209.00,0.03,0.00
,Arizona,Tucson,2013.00,37955.00,0.07,NA
,Arizona,Yuma,2013.00,3962.00,0.04,0.00
,Arkansas,Fort Smith,2013.00,5227.00,0.06,0.00
,Arkansas,Hot Springs,2013.00,3321.00,0.09,NA
,Arkansas,Jonesboro,2013.00,3308.00,0.05,0.00
,Arkansas,Pine Bluff,2013.00,0.00,NA,NA
,California,Bakersfield,2013.00,18671.00,0.05,-0.01
,California,Chico,2013.00,2871.00,0.03,0.01
,California,El Centro,2013.00,2183.00,0.05,0.00
,California,Fresno,2013.00,25136.00,0.05,0.00
,California,Madera,2013.00,2423.00,0.04,-0.01
,California,Merced,2013.00,3203.00,0.04,0.00
,California,Modesto,2013.00,11693.00,0.06,0.00
,California,Napa,2013.00,1664.00,0.02,0.00
,California,Redding,2013.00,4359.00,0.05,0.00
,California,Salinas,2013.00,6357.00,0.04,0.00
,California,Santa Rosa,2013.00,4047.00,0.02,0.00
,California,Yuba City,2013.00,2154.00,0.03,0.00
,Colorado,Boulder,2013.00,3166.00,0.03,0.00
,Colorado,Colorado Springs,2013.00,20068.00,0.05,0.00
,Colorado,Fort Collins,2013.00,4165.00,0.03,0.00
,Colorado,Grand Junction,2013.00,2814.00,0.05,0.00
,Colorado,Greeley,2013.00,3710.00,0.04,0.00
,Colorado,Pueblo,2013.00,8607.00,0.08,-0.01
,Delaware,Dover,2013.00,2359.00,0.06,-0.01
,Florida,Gainesville,2013.00,5792.00,0.05,0.00
,Florida,Jacksonville,2013.00,38253.00,0.05,0.00
,Florida,Ocala,2013.00,3221.00,0.06,0.00
,Florida,Panama City,2013.00,2621.00,0.07,0.01
,Florida,Port St. Lucie,2013.00,2764.00,0.02,0.00
,Florida,Punta Gorda,2013.00,317.00,0.02,0.00
,Florida,Sebring,2013.00,570.00,0.06,0.00
,Florida,Tallahassee,2013.00,9514.00,0.05,0.01
,Georgia,Albany,2013.00,5410.00,0.07,0.00
,Georgia,Brunswick,2013.00,1272.00,0.08,0.01
,Georgia,Columbus,2013.00,13497.00,0.07,0.00
,Georgia,Dalton,2013.00,1385.00,0.04,0.00
,Georgia,Gainesville,2013.00,1620.00,0.05,0.00
,Georgia,Hinesville,2013.00,1564.00,0.04,0.00
,Georgia,Macon,2013.00,7383.00,0.08,NA
,Georgia,Rome,2013.00,2425.00,0.07,NA
,Georgia,Valdosta,2013.00,0.00,NA,NA
,Georgia,Warner Robins,2013.00,4577.00,0.06,0.00
,Idaho,Coeur d'Alene,2013.00,1992.00,0.04,0.00
,Idaho,Idaho Falls,2013.00,1747.00,0.03,0.00
,Idaho,Lewiston,2013.00,1218.00,0.04,0.00
,Idaho,Pocatello,2013.00,1971.00,0.04,NA
,Illinois,Bloomington,2013.00,2300.00,0.03,0.00
,Illinois,Danville,2013.00,0.00,NA,NA
,Illinois,Decatur,2013.00,2720.00,0.04,0.00
,Illinois,Kankakee,2013.00,1259.00,0.05,0.01
,Illinois,Peoria,2013.00,5199.00,0.04,0.00
,Illinois,Rockford,2013.00,9104.00,0.06,-0.01
,Illinois,Springfield,2013.00,7096.00,0.06,0.00
,Indiana,Bloomington,2013.00,2881.00,0.03,0.00
,Indiana,Columbus,2013.00,2206.00,0.05,0.00
,Indiana,Evansville,2013.00,6423.00,0.05,0.01
,Indiana,Fort Wayne,2013.00,10756.00,0.04,-0.01
,Indiana,Kokomo,2013.00,2395.00,0.04,0.00
,Indiana,Muncie,2013.00,3295.00,0.05,0.00
,Indiana,Terre Haute,2013.00,3438.00,0.06,0.00
,Iowa,Ames,2013.00,1527.00,0.02,-0.01
,Iowa,Cedar Rapids,2013.00,5099.00,0.04,0.00
,Iowa,Dubuque,2013.00,1773.00,0.03,0.00
,Iowa,Iowa City,2013.00,2078.00,0.03,0.00
,Iowa,Sioux City,2013.00,3982.00,0.05,-0.01
,Kansas,Lawrence,2013.00,3963.00,0.04,NA
,Kansas,Topeka,2013.00,7098.00,0.06,0.00
,Kansas,Wichita,2013.00,23867.00,0.06,NA
,Kentucky,Bowling Green,2013.00,3053.00,0.05,0.00
,Kentucky,Owensboro,2013.00,2172.00,0.04,0.00
,Louisiana,Alexandria,2013.00,4683.00,0.10,0.00
,Louisiana,Hammond,2013.00,2556.00,0.13,-0.01
,Louisiana,Lafayette,2013.00,8436.00,0.07,-0.01
,Louisiana,Lake Charles,2013.00,4082.00,0.06,NA
,Louisiana,Monroe,2013.00,4887.00,0.10,0.00
,Maine,Bangor,2013.00,1914.00,0.06,-0.01
,Maryland,Cumberland,2013.00,1501.00,0.07,0.00
,Maryland,Salisbury,2013.00,2132.00,0.07,0.00
,Massachusetts,Pittsfield,2013.00,1463.00,0.03,0.00
,Massachusetts,Springfield,2013.00,8786.00,0.06,-0.01
,Massachusetts,Worcester,2013.00,7989.00,0.04,0.00
,Michigan,Ann Arbor,2013.00,2772.00,0.02,0.00
,Michigan,Battle Creek,2013.00,0.00,NA,NA
,Michigan,Bay City,2013.00,1155.00,0.03,0.00
,Michigan,Flint,2013.00,6168.00,0.06,-0.01
,Michigan,Jackson,2013.00,2102.00,0.06,-0.01
,Michigan,Midland,2013.00,0.00,NA,NA
,Michigan,Monroe,2013.00,824.00,0.04,NA
,Michigan,Muskegon,2013.00,2295.00,0.06,-0.01
,Michigan,Saginaw,2013.00,2477.00,0.05,-0.01
,Minnesota,Duluth,2013.00,4625.00,0.05,-0.01
,Minnesota,Rochester,2013.00,2772.00,0.03,0.00
,Minnesota,St. Cloud,2013.00,3092.00,0.05,-0.01
,Mississippi,Hattiesburg,2013.00,2913.00,0.06,0.00
,Mississippi,Jackson,2013.00,11915.00,0.07,0.00
,Missouri,Cape Girardeau,2013.00,2248.00,0.06,-0.01
,Missouri,Columbia,2013.00,4775.00,0.04,0.00
,Missouri,Jefferson City,2013.00,1646.00,0.04,0.00
,Missouri,Joplin,2013.00,4165.00,0.08,0.00
,Missouri,Kansas City,2013.00,30512.00,0.07,0.00
,Missouri,Springfield,2013.00,16585.00,0.10,-0.01
,Missouri,St. Joseph,2013.00,4712.00,0.06,0.00
,Missouri,St. Louis,2013.00,26164.00,0.08,0.00
,Montana,Billings,2013.00,5964.00,0.06,-0.01
,Montana,Great Falls,2013.00,2832.00,0.05,0.00
,Nebraska,Grand Island,2013.00,2525.00,0.05,0.00
,Nebraska,Lincoln,2013.00,10344.00,0.04,0.00
,Nevada,Reno,2013.00,8334.00,0.04,0.00
,New Jersey,Ocean City,2013.00,452.00,0.04,0.00
,New Jersey,Trenton,2013.00,3443.00,0.04,-0.01
,New Mexico,Albuquerque,2013.00,34856.00,0.06,0.00
,New Mexico,Farmington,2013.00,1965.00,0.04,0.00
,New Mexico,Las Cruces,2013.00,4681.00,0.05,0.00
,New Mexico,Santa Fe,2013.00,0.00,NA,NA
,New York,Binghamton,2013.00,2633.00,0.06,-0.01
,New York,Elmira,2013.00,1108.00,0.04,0.00
,New York,Glens Falls,2013.00,365.00,0.03,0.00
,New York,Ithaca,2013.00,0.00,NA,NA
,New York,Kingston,2013.00,761.00,0.03,0.00
,New York,Rochester,2013.00,12158.00,0.06,-0.01
,New York,Syracuse,2013.00,7665.00,0.05,-0.01
,North Carolina,Asheville,2013.00,0.00,NA,NA
,North Carolina,Burlington,2013.00,2997.00,0.06,-0.01
,North Carolina,Fayetteville,2013.00,13431.00,0.07,-0.01
,North Carolina,Goldsboro,2013.00,2627.00,0.07,0.00
,North Carolina,New Bern,2013.00,1687.00,0.06,-0.01
,North Carolina,Raleigh,2013.00,14823.00,0.03,NA
,North Carolina,Rocky Mount,2013.00,3881.00,0.07,-0.01
,North Carolina,Wilmington,2013.00,6236.00,0.06,0.00
,North Dakota,Bismarck,2013.00,1924.00,0.03,0.00
,North Dakota,Fargo,2013.00,3655.00,0.03,0.00
,North Dakota,Grand Forks,2013.00,1487.00,0.03,0.00
,Ohio,Akron,2013.00,11219.00,0.06,0.00
,Ohio,Cincinnati,2013.00,20057.00,0.07,0.00
,Ohio,Columbus,2013.00,0.00,NA,NA
,Ohio,Dayton,2013.00,8885.00,0.06,0.00
,Ohio,Lima,2013.00,2298.00,0.06,0.00
,Ohio,Mansfield,2013.00,3336.00,0.07,0.00
,Ohio,Springfield,2013.00,4890.00,0.08,0.00
,Ohio,Toledo,2013.00,2902.00,0.01,0.00
,Oklahoma,Enid,2013.00,2522.00,0.05,-0.01
,Oklahoma,Lawton,2013.00,5946.00,0.06,0.00
,Oklahoma,Oklahoma City,2013.00,37477.00,0.06,-0.01
,Oklahoma,Tulsa,2013.00,24805.00,0.06,0.00
,Oregon,Albany,2013.00,2059.00,0.04,-0.01
,Oregon,Corvallis,2013.00,1651.00,0.03,0.00
,Oregon,Eugene,2013.00,8322.00,0.05,NA
,Oregon,Medford,2013.00,5296.00,0.07,0.00
,Oregon,Salem,2013.00,7302.00,0.05,0.00
,Pennsylvania,Altoona,2013.00,1166.00,0.03,0.00
,Pennsylvania,Erie,2013.00,3665.00,0.04,-0.01
,Pennsylvania,Gettysburg,2013.00,168.00,0.02,0.00
,Pennsylvania,Johnstown,2013.00,931.00,0.04,0.00
,Pennsylvania,Lancaster,2013.00,3189.00,0.05,-0.01
,Pennsylvania,Lebanon,2013.00,888.00,0.03,-0.01
,Pennsylvania,Pittsburgh,2013.00,12306.00,0.04,0.00
,Pennsylvania,Reading,2013.00,3542.00,0.04,0.00
,Pennsylvania,State College,2013.00,748.00,0.01,0.00
,Pennsylvania,Williamsport,2013.00,1268.00,0.04,0.00
,South Carolina,Columbia,2013.00,8941.00,0.07,-0.01
,South Carolina,Florence,2013.00,3229.00,0.09,0.00
,South Carolina,Spartanburg,2013.00,3195.00,0.09,-0.01
,South Carolina,Sumter,2013.00,2401.00,0.06,0.00
,South Dakota,Rapid City,2013.00,3027.00,0.04,0.00
,South Dakota,Sioux Falls,2013.00,5566.00,0.03,0.00
,Tennessee,Chattanooga,2013.00,13160.00,0.08,0.00
,Tennessee,Clarksville,2013.00,4889.00,0.03,0.00
,Tennessee,Cleveland,2013.00,2779.00,0.07,0.00
,Tennessee,Jackson,2013.00,4380.00,0.07,-0.01
,Tennessee,Johnson City,2013.00,2869.00,0.04,0.00
,Tennessee,Knoxville,2013.00,12979.00,0.07,0.00
,Tennessee,Memphis,2013.00,50698.00,0.08,0.00
,Tennessee,Morristown,2013.00,1745.00,0.06,0.00
,Texas,Abilene,2013.00,5246.00,0.04,0.01
,Texas,Amarillo,2013.00,9440.00,0.05,0.01
,Texas,Corpus Christi,2013.00,16540.00,0.05,0.00
,Texas,El Paso,2013.00,18080.00,0.03,0.00
,Texas,Laredo,2013.00,11509.00,0.05,0.00
,Texas,Longview,2013.00,3823.00,0.05,-0.01
,Texas,Lubbock,2013.00,13386.00,0.06,0.00
,Texas,Midland,2013.00,3541.00,0.03,0.00
,Texas,Odessa,2013.00,5454.00,0.05,0.00
,Texas,San Angelo,2013.00,3855.00,0.04,0.00
,Texas,Texarkana,2013.00,2629.00,0.07,0.00
,Texas,Tyler,2013.00,4492.00,0.04,NA
,Texas,Victoria,2013.00,2875.00,0.04,0.00
,Texas,Waco,2013.00,5937.00,0.05,0.00
,Texas,Wichita Falls,2013.00,4959.00,0.05,0.00
,Utah,Logan,2013.00,895.00,0.02,NA
,Utah,Salt Lake City,2013.00,14936.00,0.08,0.01
,Utah,St. George,2013.00,1861.00,0.02,0.00
,Virginia,Charlottesville,2013.00,1682.00,0.04,0.00
,Virginia,Harrisonburg,2013.00,1473.00,0.03,0.00
,Virginia,Lynchburg,2013.00,2304.00,0.03,0.00
,Virginia,Richmond,2013.00,10031.00,0.05,0.00
,Virginia,Roanoke,2013.00,4901.00,0.05,0.00
,Virginia,Winchester,2013.00,1095.00,0.04,0.00
,Washington,Bellingham,2013.00,0.00,NA,NA
,Washington,Longview,2013.00,2591.00,0.07,0.00
,Washington,Walla Walla,2013.00,0.00,NA,NA
,Washington,Wenatchee,2013.00,0.00,NA,NA
,Washington,Yakima,2013.00,5155.00,0.06,0.00
,West Virginia,Beckley,2013.00,0.00,NA,NA
,West Virginia,Morgantown,2013.00,775.00,0.02,0.00
,Wisconsin,Appleton,2013.00,1480.00,0.02,0.00
,Wisconsin,Eau Claire,2013.00,1693.00,0.03,0.00
,Wisconsin,Fond du Lac,2013.00,1332.00,0.03,0.00
,Wisconsin,Green Bay,2013.00,3174.00,0.03,0.00
,Wisconsin,Madison,2013.00,8613.00,0.04,0.00
,Wisconsin,Racine,2013.00,3307.00,0.04,0.00
,Wisconsin,Wausau,2013.00,1055.00,0.03,-0.01
,Wyoming,Casper,2013.00,2124.00,0.04,-0.01
,Wyoming,Cheyenne,2013.00,2198.00,0.04,-0.01
,Alabama,Mobile,2013.00,14552.00,0.06,-0.01
,Louisiana,Baton Rouge,2013.00,13545.00,0.06,0.00
,Montana,Missoula,2013.00,3108.00,0.05,0.00
,North Carolina,Jacksonville,2013.00,0.00,NA,NA
,Oregon,Grants Pass,2013.00,2667.00,0.08,NA
,West Virginia,Charleston,2013.00,0.00,NA,NA
,Wisconsin,Sheboygan,2013.00,1373.00,0.03,0.00
,North Carolina,Greenville,2013.00,4417.00,0.05,0.00
,West Virginia,Wheeling,2013.00,0.00,NA,NA
,Alabama,Decatur,2014.00,2563.00,0.05,0.00
,Alabama,Dothan,2014.00,0.00,NA,NA
,Alabama,Gadsden,2014.00,3164.00,0.09,0.00
,Alabama,Huntsville,2014.00,10628.00,0.06,0.00
,Alabama,Montgomery,2014.00,10071.00,0.05,0.00
,Alabama,Tuscaloosa,2014.00,4604.00,0.05,0.00
,Alaska,Anchorage,2014.00,14136.00,0.05,0.00
,Alaska,Fairbanks,2014.00,1461.00,0.04,0.00
,Arizona,Flagstaff,2014.00,3295.00,0.05,-0.01
,Arizona,Prescott,2014.00,1370.00,0.03,0.00
,Arizona,Tucson,2014.00,0.00,NA,NA
,Arizona,Yuma,2014.00,3854.00,0.04,-0.01
,Arkansas,Fort Smith,2014.00,5335.00,0.06,0.01
,Arkansas,Hot Springs,2014.00,0.00,NA,NA
,Arkansas,Jonesboro,2014.00,3552.00,0.05,0.00
,Arkansas,Pine Bluff,2014.00,3232.00,0.07,0.00
,California,Bakersfield,2014.00,16273.00,0.04,0.00
,California,Chico,2014.00,3553.00,0.04,0.00
,California,El Centro,2014.00,2262.00,0.05,0.01
,California,Fresno,2014.00,23483.00,0.05,0.00
,California,Madera,2014.00,2101.00,0.03,0.00
,California,Merced,2014.00,3202.00,0.04,0.00
,California,Modesto,2014.00,10891.00,0.05,0.00
,California,Napa,2014.00,1564.00,0.02,0.00
,California,Redding,2014.00,4534.00,0.05,0.00
,California,Salinas,2014.00,6224.00,0.04,-0.01
,California,Santa Rosa,2014.00,4486.00,0.03,0.00
,California,Yuba City,2014.00,1922.00,0.03,0.00
,Colorado,Boulder,2014.00,3019.00,0.03,0.00
,Colorado,Colorado Springs,2014.00,18358.00,0.04,0.00
,Colorado,Fort Collins,2014.00,4111.00,0.03,0.00
,Colorado,Grand Junction,2014.00,2816.00,0.05,0.00
,Colorado,Greeley,2014.00,3777.00,0.04,-0.01
,Colorado,Pueblo,2014.00,7963.00,0.07,0.00
,Delaware,Dover,2014.00,2116.00,0.06,0.00
,Florida,Gainesville,2014.00,5397.00,0.04,0.00
,Florida,Jacksonville,2014.00,39585.00,0.05,0.00
,Florida,Ocala,2014.00,3363.00,0.06,0.00
,Florida,Panama City,2014.00,2924.00,0.08,-0.01
,Florida,Port St. Lucie,2014.00,2741.00,0.02,0.00
,Florida,Punta Gorda,2014.00,295.00,0.02,0.00
,Florida,Sebring,2014.00,521.00,0.05,0.00
,Florida,Tallahassee,2014.00,10838.00,0.06,0.00
,Georgia,Albany,2014.00,4971.00,0.07,0.00
,Georgia,Brunswick,2014.00,1427.00,0.09,-0.02
,Georgia,Columbus,2014.00,14479.00,0.07,-0.01
,Georgia,Dalton,2014.00,1332.00,0.04,0.00
,Georgia,Gainesville,2014.00,1623.00,0.05,0.00
,Georgia,Hinesville,2014.00,1588.00,0.05,-0.01
,Georgia,Macon,2014.00,0.00,NA,NA
,Georgia,Rome,2014.00,0.00,NA,NA
,Georgia,Valdosta,2014.00,3473.00,0.06,NA
,Georgia,Warner Robins,2014.00,4852.00,0.07,-0.01
,Idaho,Coeur d'Alene,2014.00,2061.00,0.04,-0.01
,Idaho,Idaho Falls,2014.00,1628.00,0.03,0.00
,Idaho,Lewiston,2014.00,1192.00,0.04,0.00
,Idaho,Pocatello,2014.00,0.00,NA,NA
,Illinois,Bloomington,2014.00,1995.00,0.03,0.00
,Illinois,Danville,2014.00,2226.00,0.07,0.01
,Illinois,Decatur,2014.00,2580.00,0.03,0.00
,Illinois,Kankakee,2014.00,1453.00,0.05,NA
,Illinois,Peoria,2014.00,5617.00,0.05,0.00
,Illinois,Rockford,2014.00,8248.00,0.06,0.00
,Illinois,Springfield,2014.00,6783.00,0.06,0.00
,Indiana,Bloomington,2014.00,2760.00,0.03,0.00
,Indiana,Columbus,2014.00,2046.00,0.04,0.00
,Indiana,Evansville,2014.00,7506.00,0.06,-0.01
,Indiana,Fort Wayne,2014.00,9168.00,0.04,0.00
,Indiana,Kokomo,2014.00,2236.00,0.04,0.00
,Indiana,Muncie,2014.00,3176.00,0.05,NA
,Indiana,Terre Haute,2014.00,3210.00,0.05,0.00
,Iowa,Ames,2014.00,1192.00,0.02,0.00
,Iowa,Cedar Rapids,2014.00,5338.00,0.04,0.00
,Iowa,Dubuque,2014.00,1658.00,0.03,0.01
,Iowa,Iowa City,2014.00,1969.00,0.03,0.00
,Iowa,Sioux City,2014.00,3455.00,0.04,0.00
,Kansas,Lawrence,2014.00,0.00,NA,NA
,Kansas,Topeka,2014.00,6911.00,0.05,0.00
,Kansas,Wichita,2014.00,0.00,NA,NA
,Kentucky,Bowling Green,2014.00,3139.00,0.05,0.00
,Kentucky,Owensboro,2014.00,2374.00,0.04,0.00
,Louisiana,Alexandria,2014.00,4619.00,0.10,0.01
,Louisiana,Hammond,2014.00,2392.00,0.12,-0.01
,Louisiana,Lafayette,2014.00,7614.00,0.06,0.00
,Louisiana,Lake Charles,2014.00,0.00,NA,NA
,Louisiana,Monroe,2014.00,5098.00,0.10,0.01
,Maine,Bangor,2014.00,1733.00,0.05,-0.01
,Maryland,Cumberland,2014.00,1455.00,0.07,0.00
,Maryland,Salisbury,2014.00,2121.00,0.07,0.00
,Massachusetts,Pittsfield,2014.00,1535.00,0.03,0.00
,Massachusetts,Springfield,2014.00,7565.00,0.05,0.00
,Massachusetts,Worcester,2014.00,7366.00,0.04,0.00
,Michigan,Ann Arbor,2014.00,2394.00,0.02,0.00
,Michigan,Battle Creek,2014.00,2830.00,0.05,0.00
,Michigan,Bay City,2014.00,1185.00,0.03,0.00
,Michigan,Flint,2014.00,5585.00,0.06,-0.01
,Michigan,Jackson,2014.00,1727.00,0.05,0.01
,Michigan,Midland,2014.00,596.00,0.01,0.00
,Michigan,Monroe,2014.00,0.00,NA,NA
,Michigan,Muskegon,2014.00,2069.00,0.06,-0.01
,Michigan,Saginaw,2014.00,2054.00,0.04,-0.01
,Minnesota,Duluth,2014.00,3959.00,0.05,0.00
,Minnesota,Rochester,2014.00,2428.00,0.02,0.00
,Minnesota,St. Cloud,2014.00,2771.00,0.04,0.01
,Mississippi,Hattiesburg,2014.00,2885.00,0.06,0.01
,Mississippi,Jackson,2014.00,11975.00,0.07,-0.01
,Missouri,Cape Girardeau,2014.00,2019.00,0.05,0.00
,Missouri,Columbia,2014.00,4398.00,0.04,0.00
,Missouri,Jefferson City,2014.00,1464.00,0.03,0.00
,Missouri,Joplin,2014.00,4209.00,0.08,-0.01
,Missouri,Kansas City,2014.00,28510.00,0.06,0.00
,Missouri,Springfield,2014.00,14599.00,0.09,0.00
,Missouri,St. Joseph,2014.00,4645.00,0.06,0.00
,Missouri,St. Louis,2014.00,25267.00,0.08,0.00
,Montana,Billings,2014.00,5352.00,0.05,0.00
,Montana,Great Falls,2014.00,2723.00,0.05,0.00
,Nebraska,Grand Island,2014.00,2354.00,0.05,-0.01
,Nebraska,Lincoln,2014.00,10000.00,0.04,0.00
,Nevada,Reno,2014.00,7945.00,0.03,0.00
,New Jersey,Ocean City,2014.00,488.00,0.04,0.00
,New Jersey,Trenton,2014.00,2960.00,0.04,0.00
,New Mexico,Albuquerque,2014.00,35371.00,0.06,0.01
,New Mexico,Farmington,2014.00,1822.00,0.04,0.00
,New Mexico,Las Cruces,2014.00,4909.00,0.05,0.00
,New Mexico,Santa Fe,2014.00,3261.00,0.05,0.00
,New York,Binghamton,2014.00,2353.00,0.05,0.00
,New York,Elmira,2014.00,1044.00,0.04,0.00
,New York,Glens Falls,2014.00,363.00,0.03,-0.01
,New York,Ithaca,2014.00,0.00,NA,NA
,New York,Kingston,2014.00,739.00,0.03,0.00
,New York,Rochester,2014.00,10621.00,0.05,0.00
,New York,Syracuse,2014.00,6919.00,0.05,0.00
,North Carolina,Asheville,2014.00,4778.00,0.05,0.00
,North Carolina,Burlington,2014.00,2416.00,0.05,0.00
,North Carolina,Fayetteville,2014.00,11563.00,0.06,NA
,North Carolina,Goldsboro,2014.00,2537.00,0.07,0.01
,North Carolina,New Bern,2014.00,1389.00,0.05,0.00
,North Carolina,Raleigh,2014.00,0.00,NA,NA
,North Carolina,Rocky Mount,2014.00,3277.00,0.06,-0.01
,North Carolina,Wilmington,2014.00,5938.00,0.05,0.00
,North Dakota,Bismarck,2014.00,1890.00,0.03,-0.01
,North Dakota,Fargo,2014.00,3452.00,0.03,0.00
,North Dakota,Grand Forks,2014.00,1672.00,0.03,0.00
,Ohio,Akron,2014.00,10419.00,0.05,-0.01
,Ohio,Cincinnati,2014.00,19252.00,0.06,0.00
,Ohio,Columbus,2014.00,39897.00,0.05,0.00
,Ohio,Dayton,2014.00,9188.00,0.06,0.00
,Ohio,Lima,2014.00,2221.00,0.06,0.01
,Ohio,Mansfield,2014.00,3384.00,0.07,-0.01
,Ohio,Springfield,2014.00,4680.00,0.08,-0.01
,Ohio,Toledo,2014.00,3068.00,0.01,0.05
,Oklahoma,Enid,2014.00,2234.00,0.04,0.00
,Oklahoma,Lawton,2014.00,5401.00,0.06,0.00
,Oklahoma,Oklahoma City,2014.00,32040.00,0.05,0.00
,Oklahoma,Tulsa,2014.00,23521.00,0.06,0.00
,Oregon,Albany,2014.00,1717.00,0.03,0.00
,Oregon,Corvallis,2014.00,1809.00,0.03,0.00
,Oregon,Eugene,2014.00,0.00,NA,NA
,Oregon,Medford,2014.00,5520.00,0.07,0.00
,Oregon,Salem,2014.00,7536.00,0.05,0.00
,Pennsylvania,Altoona,2014.00,1049.00,0.02,0.00
,Pennsylvania,Erie,2014.00,3046.00,0.03,0.00
,Pennsylvania,Gettysburg,2014.00,159.00,0.02,0.00
,Pennsylvania,Johnstown,2014.00,933.00,0.04,-0.01
,Pennsylvania,Lancaster,2014.00,2694.00,0.05,0.00
,Pennsylvania,Lebanon,2014.00,700.00,0.03,0.00
,Pennsylvania,Pittsburgh,2014.00,12338.00,0.04,0.00
,Pennsylvania,Reading,2014.00,3311.00,0.04,0.00
,Pennsylvania,State College,2014.00,658.00,0.01,0.00
,Pennsylvania,Williamsport,2014.00,1143.00,0.04,0.00
,South Carolina,Columbia,2014.00,8195.00,0.06,0.00
,South Carolina,Florence,2014.00,3132.00,0.08,0.00
,South Carolina,Spartanburg,2014.00,2801.00,0.07,0.00
,South Carolina,Sumter,2014.00,2259.00,0.05,0.00
,South Dakota,Rapid City,2014.00,3130.00,0.04,0.00
,South Dakota,Sioux Falls,2014.00,5678.00,0.03,0.00
,Tennessee,Chattanooga,2014.00,12667.00,0.07,0.00
,Tennessee,Clarksville,2014.00,5239.00,0.04,0.00
,Tennessee,Cleveland,2014.00,2953.00,0.07,0.00
,Tennessee,Jackson,2014.00,3797.00,0.06,0.00
,Tennessee,Johnson City,2014.00,2609.00,0.04,0.00
,Tennessee,Knoxville,2014.00,13640.00,0.07,0.00
,Tennessee,Memphis,2014.00,50616.00,0.08,0.00
,Tennessee,Morristown,2014.00,1658.00,0.06,0.00
,Texas,Abilene,2014.00,5915.00,0.05,0.00
,Texas,Amarillo,2014.00,10687.00,0.05,0.00
,Texas,Corpus Christi,2014.00,16204.00,0.05,-0.01
,Texas,El Paso,2014.00,17241.00,0.03,0.00
,Texas,Laredo,2014.00,10663.00,0.04,0.00
,Texas,Longview,2014.00,3214.00,0.04,0.02
,Texas,Lubbock,2014.00,12701.00,0.05,0.01
,Texas,Midland,2014.00,3673.00,0.03,0.00
,Texas,Odessa,2014.00,5285.00,0.05,0.00
,Texas,San Angelo,2014.00,4111.00,0.04,0.00
,Texas,Texarkana,2014.00,2718.00,0.07,-0.01
,Texas,Tyler,2014.00,0.00,NA,NA
,Texas,Victoria,2014.00,2619.00,0.04,0.00
,Texas,Waco,2014.00,5585.00,0.04,0.00
,Texas,Wichita Falls,2014.00,4684.00,0.04,0.00
,Utah,Logan,2014.00,0.00,NA,NA
,Utah,Salt Lake City,2014.00,17675.00,0.09,0.01
,Utah,St. George,2014.00,1618.00,0.02,0.00
,Virginia,Charlottesville,2014.00,1547.00,0.03,-0.01
,Virginia,Harrisonburg,2014.00,1253.00,0.02,0.00
,Virginia,Lynchburg,2014.00,2359.00,0.03,-0.01
,Virginia,Richmond,2014.00,9642.00,0.04,0.00
,Virginia,Roanoke,2014.00,4467.00,0.05,0.00
,Virginia,Winchester,2014.00,1168.00,0.04,0.00
,Washington,Bellingham,2014.00,4919.00,0.06,-0.01
,Washington,Longview,2014.00,2438.00,0.07,-0.01
,Washington,Walla Walla,2014.00,1664.00,0.05,0.00
,Washington,Wenatchee,2014.00,1219.00,0.04,0.00
,Washington,Yakima,2014.00,5024.00,0.05,0.01
,West Virginia,Beckley,2014.00,1454.00,0.08,0.01
,West Virginia,Morgantown,2014.00,875.00,0.03,0.00
,Wisconsin,Appleton,2014.00,1578.00,0.02,0.00
,Wisconsin,Eau Claire,2014.00,1837.00,0.03,0.00
,Wisconsin,Fond du Lac,2014.00,1344.00,0.03,0.00
,Wisconsin,Green Bay,2014.00,2830.00,0.03,0.00
,Wisconsin,Madison,2014.00,7824.00,0.03,0.00
,Wisconsin,Racine,2014.00,3033.00,0.04,0.00
,Wisconsin,Wausau,2014.00,849.00,0.02,0.00
,Wyoming,Casper,2014.00,1716.00,0.03,0.00
,Wyoming,Cheyenne,2014.00,1884.00,0.03,0.00
,Alabama,Mobile,2014.00,13091.00,0.05,0.00
,Louisiana,Baton Rouge,2014.00,12390.00,0.05,0.00
,Montana,Missoula,2014.00,3091.00,0.04,0.01
,North Carolina,Jacksonville,2014.00,0.00,NA,NA
,Oregon,Grants Pass,2014.00,0.00,NA,NA
,West Virginia,Charleston,2014.00,3948.00,0.08,0.00
,Wisconsin,Sheboygan,2014.00,1423.00,0.03,0.00
,North Carolina,Greenville,2014.00,4153.00,0.05,0.00
,West Virginia,Wheeling,2014.00,922.00,0.03,0.00
,Alabama,Decatur,2015.00,2528.00,0.05,0.00
,Alabama,Dothan,2015.00,2445.00,0.04,NA
,Alabama,Gadsden,2015.00,3088.00,0.09,0.00
,Alabama,Huntsville,2015.00,10284.00,0.05,0.00
,Alabama,Montgomery,2015.00,9405.00,0.05,0.00
,Alabama,Tuscaloosa,2015.00,4770.00,0.05,0.00
,Alaska,Anchorage,2015.00,15027.00,0.05,0.00
,Alaska,Fairbanks,2015.00,1349.00,0.04,0.00
,Arizona,Flagstaff,2015.00,2914.00,0.04,-0.01
,Arizona,Prescott,2015.00,1198.00,0.03,0.00
,Arizona,Tucson,2015.00,38657.00,0.07,NA
,Arizona,Yuma,2015.00,3378.00,0.04,-0.01
,Arkansas,Fort Smith,2015.00,5866.00,0.07,0.01
,Arkansas,Hot Springs,2015.00,0.00,NA,NA
,Arkansas,Jonesboro,2015.00,3336.00,0.05,0.00
,Arkansas,Pine Bluff,2015.00,3336.00,0.08,0.00
,California,Bakersfield,2015.00,17369.00,0.05,0.00
,California,Chico,2015.00,3951.00,0.04,0.00
,California,El Centro,2015.00,2831.00,0.06,0.01
,California,Fresno,2015.00,24477.00,0.05,0.00
,California,Madera,2015.00,2372.00,0.04,0.00
,California,Merced,2015.00,3523.00,0.04,0.00
,California,Modesto,2015.00,12148.00,0.06,0.00
,California,Napa,2015.00,1710.00,0.02,0.00
,California,Redding,2015.00,4783.00,0.05,0.00
,California,Salinas,2015.00,5243.00,0.03,-0.01
,California,Santa Rosa,2015.00,4917.00,0.03,0.00
,California,Yuba City,2015.00,2008.00,0.03,0.00
,Colorado,Boulder,2015.00,3047.00,0.03,0.00
,Colorado,Colorado Springs,2015.00,18487.00,0.04,0.00
,Colorado,Fort Collins,2015.00,4328.00,0.03,0.00
,Colorado,Grand Junction,2015.00,2930.00,0.05,0.00
,Colorado,Greeley,2015.00,3079.00,0.03,-0.01
,Colorado,Pueblo,2015.00,8260.00,0.08,0.00
,Delaware,Dover,2015.00,2278.00,0.06,0.00
,Florida,Gainesville,2015.00,5547.00,0.04,0.00
,Florida,Jacksonville,2015.00,37476.00,0.04,0.00
,Florida,Ocala,2015.00,3412.00,0.06,0.00
,Florida,Panama City,2015.00,2684.00,0.07,-0.01
,Florida,Port St. Lucie,2015.00,2666.00,0.02,0.00
,Florida,Punta Gorda,2015.00,252.00,0.01,0.00
,Florida,Sebring,2015.00,566.00,0.05,0.00
,Florida,Tallahassee,2015.00,11677.00,0.06,0.00
,Georgia,Albany,2015.00,4702.00,0.06,0.00
,Georgia,Brunswick,2015.00,1136.00,0.07,-0.02
,Georgia,Columbus,2015.00,12427.00,0.06,-0.01
,Georgia,Dalton,2015.00,1251.00,0.04,0.00
,Georgia,Gainesville,2015.00,1495.00,0.04,0.00
,Georgia,Hinesville,2015.00,1329.00,0.04,-0.01
,Georgia,Macon,2015.00,0.00,NA,NA
,Georgia,Rome,2015.00,1985.00,0.06,NA
,Georgia,Valdosta,2015.00,0.00,NA,NA
,Georgia,Warner Robins,2015.00,4371.00,0.06,-0.01
,Idaho,Coeur d'Alene,2015.00,1533.00,0.03,-0.01
,Idaho,Idaho Falls,2015.00,1772.00,0.03,0.00
,Idaho,Lewiston,2015.00,1149.00,0.04,0.00
,Idaho,Pocatello,2015.00,1827.00,0.03,NA
,Illinois,Bloomington,2015.00,1765.00,0.02,0.00
,Illinois,Danville,2015.00,2489.00,0.08,0.01
,Illinois,Decatur,2015.00,2778.00,0.04,0.00
,Illinois,Kankakee,2015.00,0.00,NA,NA
,Illinois,Peoria,2015.00,5220.00,0.04,0.00
,Illinois,Rockford,2015.00,8205.00,0.06,0.00
,Illinois,Springfield,2015.00,6572.00,0.06,0.00
,Indiana,Bloomington,2015.00,2993.00,0.04,0.00
,Indiana,Columbus,2015.00,2145.00,0.05,0.00
,Indiana,Evansville,2015.00,6870.00,0.06,-0.01
,Indiana,Fort Wayne,2015.00,8927.00,0.03,0.00
,Indiana,Kokomo,2015.00,2173.00,0.04,0.00
,Indiana,Muncie,2015.00,0.00,NA,NA
,Indiana,Terre Haute,2015.00,3008.00,0.05,0.00
,Iowa,Ames,2015.00,1323.00,0.02,0.00
,Iowa,Cedar Rapids,2015.00,5298.00,0.04,0.00
,Iowa,Dubuque,2015.00,2113.00,0.04,0.01
,Iowa,Iowa City,2015.00,2117.00,0.03,0.00
,Iowa,Sioux City,2015.00,3842.00,0.05,0.00
,Kansas,Lawrence,2015.00,0.00,NA,NA
,Kansas,Topeka,2015.00,7321.00,0.06,0.00
,Kansas,Wichita,2015.00,23491.00,0.06,NA
,Kentucky,Bowling Green,2015.00,3362.00,0.05,0.00
,Kentucky,Owensboro,2015.00,2308.00,0.04,0.00
,Louisiana,Alexandria,2015.00,5034.00,0.10,0.01
,Louisiana,Hammond,2015.00,2285.00,0.11,-0.01
,Louisiana,Lafayette,2015.00,7464.00,0.06,0.00
,Louisiana,Lake Charles,2015.00,3616.00,0.05,NA
,Louisiana,Monroe,2015.00,5458.00,0.11,0.01
,Maine,Bangor,2015.00,1332.00,0.04,-0.01
,Maryland,Cumberland,2015.00,1474.00,0.07,0.00
,Maryland,Salisbury,2015.00,2113.00,0.06,0.00
,Massachusetts,Pittsfield,2015.00,1554.00,0.04,0.00
,Massachusetts,Springfield,2015.00,6822.00,0.04,0.00
,Massachusetts,Worcester,2015.00,7002.00,0.04,0.00
,Michigan,Ann Arbor,2015.00,2592.00,0.02,0.00
,Michigan,Battle Creek,2015.00,2697.00,0.04,0.00
,Michigan,Bay City,2015.00,1294.00,0.04,0.00
,Michigan,Flint,2015.00,4989.00,0.05,-0.01
,Michigan,Jackson,2015.00,1888.00,0.06,0.01
,Michigan,Midland,2015.00,583.00,0.01,0.00
,Michigan,Monroe,2015.00,593.00,0.03,NA
,Michigan,Muskegon,2015.00,1891.00,0.05,-0.01
,Michigan,Saginaw,2015.00,1782.00,0.04,-0.01
,Minnesota,Duluth,2015.00,3963.00,0.05,0.00
,Minnesota,Rochester,2015.00,2744.00,0.02,0.00
,Minnesota,St. Cloud,2015.00,3507.00,0.05,0.01
,Mississippi,Hattiesburg,2015.00,3118.00,0.07,0.01
,Mississippi,Jackson,2015.00,10192.00,0.06,-0.01
,Missouri,Cape Girardeau,2015.00,2159.00,0.05,0.00
,Missouri,Columbia,2015.00,4235.00,0.04,0.00
,Missouri,Jefferson City,2015.00,1540.00,0.04,0.00
,Missouri,Joplin,2015.00,3826.00,0.07,-0.01
,Missouri,Kansas City,2015.00,27733.00,0.06,0.00
,Missouri,Springfield,2015.00,15269.00,0.09,0.00
,Missouri,St. Joseph,2015.00,4931.00,0.06,0.00
,Missouri,St. Louis,2015.00,25790.00,0.08,0.00
,Montana,Billings,2015.00,5660.00,0.05,0.00
,Montana,Great Falls,2015.00,2819.00,0.05,0.00
,Nebraska,Grand Island,2015.00,1618.00,0.03,-0.01
,Nebraska,Lincoln,2015.00,10058.00,0.04,0.00
,Nevada,Reno,2015.00,8950.00,0.04,0.00
,New Jersey,Ocean City,2015.00,485.00,0.04,0.00
,New Jersey,Trenton,2015.00,3048.00,0.04,0.00
,New Mexico,Albuquerque,2015.00,39399.00,0.07,0.01
,New Mexico,Farmington,2015.00,1875.00,0.04,0.00
,New Mexico,Las Cruces,2015.00,5333.00,0.05,0.00
,New Mexico,Santa Fe,2015.00,3422.00,0.05,0.00
,New York,Binghamton,2015.00,2402.00,0.05,0.00
,New York,Elmira,2015.00,956.00,0.03,0.00
,New York,Glens Falls,2015.00,271.00,0.02,-0.01
,New York,Ithaca,2015.00,0.00,NA,NA
,New York,Kingston,2015.00,731.00,0.03,0.00
,New York,Rochester,2015.00,10105.00,0.05,0.00
,New York,Syracuse,2015.00,6229.00,0.04,0.00
,North Carolina,Asheville,2015.00,4827.00,0.05,0.00
,North Carolina,Burlington,2015.00,2256.00,0.04,0.00
,North Carolina,Fayetteville,2015.00,0.00,NA,NA
,North Carolina,Goldsboro,2015.00,2709.00,0.08,0.01
,North Carolina,New Bern,2015.00,1243.00,0.04,0.00
,North Carolina,Raleigh,2015.00,0.00,NA,NA
,North Carolina,Rocky Mount,2015.00,2768.00,0.05,-0.01
,North Carolina,Wilmington,2015.00,6050.00,0.05,0.00
,North Dakota,Bismarck,2015.00,1028.00,0.01,-0.01
,North Dakota,Fargo,2015.00,3936.00,0.03,0.00
,North Dakota,Grand Forks,2015.00,1819.00,0.03,0.00
,Ohio,Akron,2015.00,9195.00,0.05,-0.01
,Ohio,Cincinnati,2015.00,19207.00,0.06,0.00
,Ohio,Columbus,2015.00,37984.00,0.04,0.00
,Ohio,Dayton,2015.00,8414.00,0.06,0.00
,Ohio,Lima,2015.00,2513.00,0.07,0.01
,Ohio,Mansfield,2015.00,2898.00,0.06,-0.01
,Ohio,Springfield,2015.00,4054.00,0.07,-0.01
,Ohio,Toledo,2015.00,15666.00,0.06,0.05
,Oklahoma,Enid,2015.00,2040.00,0.04,0.00
,Oklahoma,Lawton,2015.00,5362.00,0.06,0.00
,Oklahoma,Oklahoma City,2015.00,29776.00,0.05,0.00
,Oklahoma,Tulsa,2015.00,24520.00,0.06,0.00
,Oregon,Albany,2015.00,1767.00,0.03,0.00
,Oregon,Corvallis,2015.00,1615.00,0.03,0.00
,Oregon,Eugene,2015.00,6772.00,0.04,NA
,Oregon,Medford,2015.00,5252.00,0.07,0.00
,Oregon,Salem,2015.00,7204.00,0.04,0.00
,Pennsylvania,Altoona,2015.00,1031.00,0.02,0.00
,Pennsylvania,Erie,2015.00,2929.00,0.03,0.00
,Pennsylvania,Gettysburg,2015.00,124.00,0.02,0.00
,Pennsylvania,Johnstown,2015.00,796.00,0.04,-0.01
,Pennsylvania,Lancaster,2015.00,2640.00,0.04,0.00
,Pennsylvania,Lebanon,2015.00,751.00,0.03,0.00
,Pennsylvania,Pittsburgh,2015.00,12062.00,0.04,0.00
,Pennsylvania,Reading,2015.00,3251.00,0.04,0.00
,Pennsylvania,State College,2015.00,667.00,0.01,0.00
,Pennsylvania,Williamsport,2015.00,1028.00,0.04,0.00
,South Carolina,Columbia,2015.00,8262.00,0.06,0.00
,South Carolina,Florence,2015.00,3230.00,0.08,0.00
,South Carolina,Spartanburg,2015.00,2763.00,0.07,0.00
,South Carolina,Sumter,2015.00,2162.00,0.05,0.00
,South Dakota,Rapid City,2015.00,3364.00,0.05,0.00
,South Dakota,Sioux Falls,2015.00,6504.00,0.04,0.00
,Tennessee,Chattanooga,2015.00,12087.00,0.07,0.00
,Tennessee,Clarksville,2015.00,5168.00,0.03,0.00
,Tennessee,Cleveland,2015.00,3017.00,0.07,0.00
,Tennessee,Jackson,2015.00,3752.00,0.06,0.00
,Tennessee,Johnson City,2015.00,2695.00,0.04,0.00
,Tennessee,Knoxville,2015.00,12863.00,0.07,0.00
,Tennessee,Memphis,2015.00,48496.00,0.07,0.00
,Tennessee,Morristown,2015.00,1759.00,0.06,0.00
,Texas,Abilene,2015.00,5967.00,0.05,0.00
,Texas,Amarillo,2015.00,10547.00,0.05,0.00
,Texas,Corpus Christi,2015.00,13332.00,0.04,-0.01
,Texas,El Paso,2015.00,15648.00,0.02,0.00
,Texas,Laredo,2015.00,9611.00,0.04,0.00
,Texas,Longview,2015.00,4485.00,0.05,0.02
,Texas,Lubbock,2015.00,14769.00,0.06,0.01
,Texas,Midland,2015.00,3800.00,0.03,0.00
,Texas,Odessa,2015.00,5769.00,0.05,0.00
,Texas,San Angelo,2015.00,4443.00,0.04,0.00
,Texas,Texarkana,2015.00,2188.00,0.06,-0.01
,Texas,Tyler,2015.00,4481.00,0.04,NA
,Texas,Victoria,2015.00,2586.00,0.04,0.00
,Texas,Waco,2015.00,5608.00,0.04,0.00
,Texas,Wichita Falls,2015.00,4227.00,0.04,0.00
,Utah,Logan,2015.00,949.00,0.02,NA
,Utah,Salt Lake City,2015.00,19556.00,0.10,0.01
,Utah,St. George,2015.00,1514.00,0.02,0.00
,Virginia,Charlottesville,2015.00,1332.00,0.03,-0.01
,Virginia,Harrisonburg,2015.00,1357.00,0.03,0.00
,Virginia,Lynchburg,2015.00,1979.00,0.02,-0.01
,Virginia,Richmond,2015.00,9787.00,0.04,0.00
,Virginia,Roanoke,2015.00,4153.00,0.04,0.00
,Virginia,Winchester,2015.00,1107.00,0.04,0.00
,Washington,Bellingham,2015.00,4281.00,0.05,-0.01
,Washington,Longview,2015.00,2038.00,0.06,-0.01
,Washington,Walla Walla,2015.00,1701.00,0.05,0.00
,Washington,Wenatchee,2015.00,1206.00,0.04,0.00
,Washington,Yakima,2015.00,5605.00,0.06,0.01
,West Virginia,Beckley,2015.00,1621.00,0.09,0.01
,West Virginia,Morgantown,2015.00,756.00,0.02,0.00
,Wisconsin,Appleton,2015.00,1443.00,0.02,0.00
,Wisconsin,Eau Claire,2015.00,1842.00,0.03,0.00
,Wisconsin,Fond du Lac,2015.00,1160.00,0.03,0.00
,Wisconsin,Green Bay,2015.00,2702.00,0.03,0.00
,Wisconsin,Madison,2015.00,7798.00,0.03,0.00
,Wisconsin,Racine,2015.00,2762.00,0.04,0.00
,Wisconsin,Wausau,2015.00,871.00,0.02,0.00
,Wyoming,Casper,2015.00,1755.00,0.03,0.00
,Wyoming,Cheyenne,2015.00,2161.00,0.03,0.00
,Alabama,Mobile,2015.00,12323.00,0.05,0.00
,Louisiana,Baton Rouge,2015.00,12244.00,0.05,0.00
,Montana,Missoula,2015.00,3539.00,0.05,0.01
,North Carolina,Jacksonville,2015.00,1812.00,0.03,NA
,Oregon,Grants Pass,2015.00,2112.00,0.06,NA
,West Virginia,Charleston,2015.00,3934.00,0.08,0.00
,Wisconsin,Sheboygan,2015.00,1309.00,0.03,0.00
,North Carolina,Greenville,2015.00,3817.00,0.04,0.00
,West Virginia,Wheeling,2015.00,822.00,0.03,0.00
